<?xml version="1.0" encoding="UTF-8"?>
<project-private xmlns="http://www.netbeans.org/ns/project-private/1">
    <data xmlns="http://www.netbeans.org/ns/make-project-private/1">
        <activeConfTypeElem>1</activeConfTypeElem>
        <activeConfIndexElem>0</activeConfIndexElem>
    </data>
    <editor-bookmarks xmlns="http://www.netbeans.org/ns/editor-bookmarks/2" lastBookmarkId="0"/>
    <open-files xmlns="http://www.netbeans.org/ns/projectui-open-files/2">
        <group>
            <file>file:/C:/Users/admin/Documents/NetBeansProjects/P2-EDAII/P2_skeleton/main.h</file>
            <file>file:/C:/Users/admin/Documents/NetBeansProjects/P2-EDAII/P2_skeleton/tree.c</file>
            <file>file:/C:/Users/admin/Documents/NetBeansProjects/P2-EDAII/P2_skeleton/file_utils.h</file>
            <file>file:/C:/Users/admin/Documents/NetBeansProjects/P2-EDAII/P2_skeleton/word_info.h</file>
            <file>file:/C:/Users/admin/Documents/NetBeansProjects/P2-EDAII/P2_skeleton/main.c</file>
            <file>file:/C:/Users/admin/Documents/NetBeansProjects/P2-EDAII/P2_skeleton/word_info.c</file>
            <file>file:/C:/Users/admin/Documents/NetBeansProjects/P2-EDAII/P2_skeleton/tree.h</file>
            <file>file:/C:/Users/admin/Documents/NetBeansProjects/P2-EDAII/P2_skeleton/commons.h</file>
            <file>file:/C:/Users/admin/Documents/NetBeansProjects/P2-EDAII/P2_skeleton/file_utils.c</file>
        </group>
    </open-files>
</project-private>
